{"cameraMode":{"drawMode":0,"name":"Shaded","section":"Shading Mode"},"sceneLighting":true,"audioPlay":false,"sceneViewState":{"showFog":true,"showMaterialUpdate":false,"showSkybox":true,"showFlares":true,"showImageEffects":true,"showParticleSystems":true},"in2DMode":false,"pivot":{"x":-8.390680313110352,"y":-17.405597686767579,"z":27.37535858154297},"rotation":{"x":0.18563403189182282,"y":-0.08918231725692749,"z":0.016920635476708413,"w":0.9784182906150818},"size":26.354934692382814,"orthographic":false}