{"cameraMode":{"drawMode":0,"name":"Shaded","section":"Shading Mode"},"sceneLighting":false,"audioPlay":false,"sceneViewState":{"showFog":true,"showMaterialUpdate":false,"showSkybox":false,"showFlares":true,"showImageEffects":true,"showParticleSystems":true},"in2DMode":false,"pivot":{"x":5.960464477539063e-8,"y":0.0,"z":-1.1920928955078126e-7},"rotation":{"x":0.3167814314365387,"y":-0.02987111546099186,"z":0.009981921873986721,"w":0.9479755759239197},"size":1.2247449159622193,"orthographic":false}