{"cameraMode":{"drawMode":0,"name":"Shaded","section":"Shading Mode"},"sceneLighting":false,"audioPlay":false,"sceneViewState":{"showFog":true,"showMaterialUpdate":false,"showSkybox":false,"showFlares":true,"showImageEffects":true,"showParticleSystems":true},"in2DMode":false,"pivot":{"x":22.84305763244629,"y":-14.596901893615723,"z":4.400000095367432},"rotation":{"x":0.3167814314365387,"y":-0.02987111546099186,"z":0.009981921873986721,"w":0.9479755759239197},"size":2.9059693813323976,"orthographic":false}